"Sort Key","Type","Name","Version","Name Space Id","Description","Steward","Value Type","Minimum Cardinality","Maximum Cardinality","Minimum Value","Maximum Value","Minimum Characters","Maximum Characters","Unit of Measure Type","Specified Unit Id","Attribute Concept","Conceptual Domain"
"av:Audio_Video:1                   ","Class","Audio_Video","1.0","av","The Audio_Video class contains metadata for Encoded_Audio or Encoded_Video data. Most attributes are taken directly from the EXIF/XMP keywords often found in A/V files. If there is any ambiguity in the definitions, refer to the EXIF/XMP standards for clarification. This metadata herein is not intended to be comprehensive; it is a subset of the available metadata, wihch is part of the stream itself. This subset is intended to facilitate searching using PDS tools and thus contains those items most likely to be useful for searches.","img","","","","","","","","","","",""
"av:AV_Container:1                  ","Class","AV_Container","1.0","av","Contains metadata related to the Audio/Video container, and a set of Tracks for each component of the A/V container. Note that the Local_Internal_Reference points to the local_identifier in this label of the container to which this metadata applies (useful if there is more than one)","img","","","","","","","","","","",""
"av:AV_Container:2                   av:container_type:1                ","Attribute","container_type","n/a","av","Specifies the type (format) of the container in PDS terms. ","img","ASCII_Short_String_Preserved","1","1","Unbounded","Unbounded","1","255","Units_of_None","none","TBD_classConcept","SHORT_STRING"
"av:AV_Container:2                   av:container_type:2                 Value:M4A","Value","M4A","","","MPEG-4 Audio-only file"
"av:AV_Container:2                   av:container_type:2                 Value:MP4","Value","MP4","","","MPEG-4 Part 14 file, can contain audio and/or video"
"av:AV_Container:2                   av:container_type:2                 Value:None","Value","None","","","No container, e.g. an elementary data stream"
"av:AV_Container:2                   av:container_type:2                 Value:Other","Value","Other","","","Non-PDS-compliant container type (should not be used except for Product_External)"
"av:AV_Container:2                   av:container_type:2                 Value:WAV","Value","WAV","","","Waveform Audio File Format, Audio-only file"
"av:AV_Container:2                   av:avg_bitrate:1                   ","Attribute","avg_bitrate","n/a","av","Overall average bitrate combining both video and audio streams ","img","ASCII_Real","0","1","-1.7976931348623157e308","1.7976931348623157e308","Unbounded","Unbounded","Units_of_Rates","none","TBD_classConcept","REAL"
"av:AV_Container:2                   av:create_date:1                   ","Attribute","create_date","n/a","av","Original recording time of the entire stream ","img","ASCII_Date_Time_YMD_UTC","0","1","Unbounded","Unbounded","Unbounded","Unbounded","Units_of_None","none","TBD_classConcept","SHORT_STRING"
"av:AV_Container:2                   av:modify_date:1                   ","Attribute","modify_date","n/a","av","Indicates when the stream was last edited or saved ","img","ASCII_Date_Time_YMD_UTC","0","1","Unbounded","Unbounded","Unbounded","Unbounded","Units_of_None","none","TBD_classConcept","SHORT_STRING"
"av:AV_Container:2                   av:device_description:1            ","Attribute","device_description","n/a","av","Describes the camera or recording device used ","img","ASCII_Short_String_Preserved","0","1","Unbounded","Unbounded","1","255","Units_of_None","none","TBD_classConcept","SHORT_STRING"
"av:AV_Container:2                   av:duration:1                      ","Attribute","duration","n/a","av","Indicates the time duration of the stream in hh:mm:ss format ","img","ASCII_Short_String_Preserved","0","1","Unbounded","Unbounded","1","255","Units_of_None","none","TBD_classConcept","SHORT_STRING"
"av:AV_Container:2                   av:duration_seconds:1              ","Attribute","duration_seconds","n/a","av","Indicates the time duration of the stream in seconds ","img","ASCII_Real","0","1","-1.7976931348623157e308","1.7976931348623157e308","Unbounded","Unbounded","Units_of_Time","none","TBD_classConcept","REAL"
"av:AV_Container:2                   av:major_brand:1                   ","Attribute","major_brand","n/a","av","Identifies the primary brand/specification of an ISO base meda file. ","img","ASCII_Short_String_Preserved","0","1","Unbounded","Unbounded","1","255","Units_of_None","none","TBD_classConcept","SHORT_STRING"
"av:AV_Container:2                   av:megapixels:1                    ","Attribute","megapixels","n/a","av","Specifies the size of the detector in megapixels. This is not intended to be a precise measurement but rather indicates the general size or class of the detector. ","img","ASCII_Real","0","1","-1.7976931348623157e308","1.7976931348623157e308","Unbounded","Unbounded","Units_of_None","none","TBD_classConcept","REAL"
"av:AV_Container:2                   av:preferred_rate:1                ","Attribute","preferred_rate","n/a","av","Indicates the intended playback speed of the video. A value of 1 typically represents normal, real-time speed, while other values can indicate slow motion or fast-forward preferences. ","img","ASCII_Real","0","1","-1.7976931348623157e308","1.7976931348623157e308","Unbounded","Unbounded","Units_of_None","none","TBD_classConcept","REAL"
"av:AV_Container:2                   av:preferred_volume:1              ","Attribute","preferred_volume","n/a","av","Indicates the default playback volume for the stream, with 1.0 indicating normal volume. ","img","ASCII_Real","0","1","-1.7976931348623157e308","1.7976931348623157e308","Unbounded","Unbounded","Units_of_None","none","TBD_classConcept","REAL"
"av:AV_Container:2                   av:time_scale:1                    ","Attribute","time_scale","n/a","av","Indicates the timing resolution of the movie, defined as the number of time units that pass per second. It dictates the precision of the video's duration and frame rate. ","img","ASCII_Real","0","1","-1.7976931348623157e308","1.7976931348623157e308","Unbounded","Unbounded","Units_of_None","none","TBD_classConcept","REAL"
"av:Track:1                         ","Class","Track","1.0","av","Class containing information relating to a Track within the stream (typically the audio or video portions separated). This class contains metadata common to all Tracks. Children Audio_Track and Video_Track hold metadata specific to those kinds of tracks. Other types of tracks (e.g. Metadata) may not have a child.","img","","","","","","","","","","",""
"av:Track:2                          av:handler_class:1                 ","Attribute","handler_class","n/a","av","Defines the high-level functional role of a track, whether it is actual media data or metadata. ","img","ASCII_Short_String_Preserved","0","*","Unbounded","Unbounded","1","255","Units_of_None","none","TBD_classConcept","SHORT_STRING"
"av:Track:2                          av:handler_class:2                  Value:Data Handler","Value","Data Handler","","","Indicates that the track serves as a reference or provides a specific way to access data, often used for metadata streams or hint tracks."
"av:Track:2                          av:handler_class:2                  Value:Media Handler","Value","Media Handler","","","Indicates that the track contains actual media data, such as video frames, audio samples, or timed text"
"av:Track:2                          av:handler_description:1           ","Attribute","handler_description","n/a","av","Human-readable description of the handler ","img","ASCII_Short_String_Preserved","0","*","Unbounded","Unbounded","1","255","Units_of_None","none","TBD_classConcept","SHORT_STRING"
"av:Track:2                          av:handler_type:1                  ","Attribute","handler_type","n/a","av","Defines the type of the track: audio, video, metadata, etc. The value descriptions are human-readable versions; they contain the actual 4-letter code used in the file in parentheses for reference. ","img","ASCII_Short_String_Preserved","0","*","Unbounded","Unbounded","1","255","Units_of_None","none","TBD_classConcept","SHORT_STRING"
"av:Track:2                          av:handler_type:2                   Value:Alias Data","Value","Alias Data","","","Used primarily in Apple-produced files to indicate core data references (alis)"
"av:Track:2                          av:handler_type:2                   Value:Audio Track","Value","Audio Track","","","Audio track (soun)"
"av:Track:2                          av:handler_type:2                   Value:Camera Metadata","Value","Camera Metadata","","","Camera Motion Metadata Spec (camm)"
"av:Track:2                          av:handler_type:2                   Value:Clock Reference","Value","Clock Reference","","","Clock reference (crsm)"
"av:Track:2                          av:handler_type:2                   Value:Data","Value","Data","","","Component that identifies and manages raw data for specific media types (data)"
"av:Track:2                          av:handler_type:2                   Value:Hint Track","Value","Hint Track","","","Hint track used for streaming instructions over a network (hint)"
"av:Track:2                          av:handler_type:2                   Value:IPMP","Value","IPMP","","","Intellectual Property Management and Protection (ipsm)"
"av:Track:2                          av:handler_type:2                   Value:MPEG-7 Stream","Value","MPEG-7 Stream","","","MPEG-7 textual metadata stream (m7sm)"
"av:Track:2                          av:handler_type:2                   Value:MPEG-J","Value","MPEG-J","","","Motion JPEG 2000 System handler (mjsm)"
"av:Track:2                          av:handler_type:2                   Value:Metadata","Value","Metadata","","","Portable Sample Metatdata (psmd)"
"av:Track:2                          av:handler_type:2                   Value:Metadata Tags","Value","Metadata Tags","","","Metadata stored using a structured key-value pair format (mdta)"
"av:Track:2                          av:handler_type:2                   Value:NRT Metadata","Value","NRT Metadata","","","Timed metadata track (e.g. GPS, camera sensors, or telemetry) (meta)"
"av:Track:2                          av:handler_type:2                   Value:Object Content","Value","Object Content","","","Object Content Info Stream (ocsm)"
"av:Track:2                          av:handler_type:2                   Value:Object Descriptor","Value","Object Descriptor","","","Object Descriptor Stream, deticated to MPEG-4 Systems metadata (odsm)"
"av:Track:2                          av:handler_type:2                   Value:Picture","Value","Picture","","","Still image data (pict)"
"av:Track:2                          av:handler_type:2                   Value:Private","Value","Private","","","Track containing proprietary or custom data (priv)"
"av:Track:2                          av:handler_type:2                   Value:Scene Description","Value","Scene Description","","","Specialized track defining scene structure, often used for interactive, timed, or animated metadata (sdsm)"
"av:Track:2                          av:handler_type:2                   Value:Subpicture","Value","Subpicture","","","Image-based subtitles (subp)"
"av:Track:2                          av:handler_type:2                   Value:Subtitle","Value","Subtitle","","","Track containing timed text or binary subtitle data (sbtl)"
"av:Track:2                          av:handler_type:2                   Value:Text","Value","Text","","","Text track containing subtitles, closed captions, etc (older format, often replaced by subt) (text)"
"av:Track:2                          av:handler_type:2                   Value:Time Code","Value","Time Code","","","Time code track (SMPTE, etc) (tmcd)"
"av:Track:2                          av:handler_type:2                   Value:URL","Value","URL","","","Media data referenced externally via a HRL (url )"
"av:Track:2                          av:handler_type:2                   Value:Video Track","Value","Video Track","","","Video track (vide)"
"av:Track:2                          av:content_describes:1             ","Attribute","content_describes","n/a","av","Specifies which track ID this trak is describing (typically for metadata tracks) ","img","ASCII_Integer","0","1","-9223372036854775808","9223372036854775807","Unbounded","Unbounded","Units_of_None","none","TBD_classConcept","INTEGER"
"av:Track:2                          av:meta_format:1                   ","Attribute","meta_format","n/a","av","Specifies the data structure of metadata tracks ","img","ASCII_Short_String_Preserved","0","1","Unbounded","Unbounded","1","255","Units_of_None","none","TBD_classConcept","SHORT_STRING"
"av:Track:2                          av:track_id:1                      ","Attribute","track_id","n/a","av","ID number for this track ","img","ASCII_Integer","1","1","-9223372036854775808","9223372036854775807","Unbounded","Unbounded","Units_of_None","none","TBD_classConcept","INTEGER"
"av:Track:2                          av:track_duration:1                ","Attribute","track_duration","n/a","av","Indicates the time duration of this track in hh:mm:ss format ","img","ASCII_Short_String_Preserved","0","1","Unbounded","Unbounded","1","255","Units_of_None","none","TBD_classConcept","SHORT_STRING"
"av:Track:2                          av:track_duration_seconds:1        ","Attribute","track_duration_seconds","n/a","av","Indicates the time duration of this track in seconds ","img","ASCII_Real","0","1","-1.7976931348623157e308","1.7976931348623157e308","Unbounded","Unbounded","Units_of_Time","none","TBD_classConcept","REAL"
"av:Track:2                          av:track_layer:1                   ","Attribute","track_layer","n/a","av","Defines the visual stacking order for different tracks in a video. Tracks with lower numbers (including negative) appear in front of tracks with higher numbers. It can also be used to help distinguish between primary and supplementary tracks. ","img","ASCII_Integer","0","1","-9223372036854775808","9223372036854775807","Unbounded","Unbounded","Units_of_None","none","TBD_classConcept","INTEGER"
"av:Track:2                          av:track_volume:1                  ","Attribute","track_volume","n/a","av","Indicates the loudness or gain adjustment applied to this track, often used to normalize volume levels. A value of 1.0 indicates normal volume. ","img","ASCII_Real","0","1","-1.7976931348623157e308","1.7976931348623157e308","Unbounded","Unbounded","Units_of_None","none","TBD_classConcept","REAL"
"av:Video_Track:1                   ","Class","Video_Track","1.0","av","Class describing a Video track","img","","","","","","","","","","",""
"av:Video_Track:2                    av:video_codec:1                   ","Attribute","video_codec","n/a","av","Specifies the video codec (Coder/Decoder) used for this data, in PDS terms. ","img","ASCII_Short_String_Preserved","1","1","Unbounded","Unbounded","1","255","Units_of_None","none","TBD_classConcept","SHORT_STRING"
"av:Video_Track:2                    av:video_codec:2                    Value:H.264","Value","H.264","","","Standard H.264 video codec (MPEG-4 part 10)"
"av:Video_Track:2                    av:video_codec:2                    Value:Other","Value","Other","","","Non-PDS-compliant video codec (should not be used except for Product_External)"
"av:Video_Track:2                    av:bit_depth:1                     ","Attribute","bit_depth","n/a","av","Bits per channel of color information ","img","ASCII_Integer","1","1","-9223372036854775808","9223372036854775807","Unbounded","Unbounded","Units_of_None","none","TBD_classConcept","INTEGER"
"av:Video_Track:2                    av:compressor_id:1                 ","Attribute","compressor_id","n/a","av","4-letter code for the compressor used. It may indicate the software rathar than the codec. ","img","ASCII_Short_String_Preserved","0","1","Unbounded","Unbounded","1","255","Units_of_None","none","TBD_classConcept","SHORT_STRING"
"av:Video_Track:2                    av:compressor_name:1               ","Attribute","compressor_name","n/a","av","More descriptive name of the compressor used. This comes directly from the metadata and has not been converted to standard form like video_codec, but may provide additional information. ","img","ASCII_Short_String_Preserved","0","1","Unbounded","Unbounded","1","255","Units_of_None","none","TBD_classConcept","SHORT_STRING"
"av:Video_Track:2                    av:image_height:1                  ","Attribute","image_height","n/a","av","Height of the video image in pixels in its current form ","img","ASCII_Integer","0","1","-9223372036854775808","9223372036854775807","Unbounded","Unbounded","Units_of_None","none","TBD_classConcept","INTEGER"
"av:Video_Track:2                    av:image_width:1                   ","Attribute","image_width","n/a","av","Width of the video image in pixels in its current form ","img","ASCII_Integer","0","1","-9223372036854775808","9223372036854775807","Unbounded","Unbounded","Units_of_None","none","TBD_classConcept","INTEGER"
"av:Video_Track:2                    av:source_image_height:1           ","Attribute","source_image_height","n/a","av","Height of the video image in pixels when it was originally captured ","img","ASCII_Integer","1","1","-9223372036854775808","9223372036854775807","Unbounded","Unbounded","Units_of_None","none","TBD_classConcept","INTEGER"
"av:Video_Track:2                    av:source_image_width:1            ","Attribute","source_image_width","n/a","av","Width of the video image in pixels when it was originally captured ","img","ASCII_Integer","1","1","-9223372036854775808","9223372036854775807","Unbounded","Unbounded","Units_of_None","none","TBD_classConcept","INTEGER"
"av:Video_Track:2                    av:video_frame_rate:1              ","Attribute","video_frame_rate","n/a","av","Number of video frames per second ","img","ASCII_Real","0","1","-1.7976931348623157e308","1.7976931348623157e308","Unbounded","Unbounded","Units_of_Frequency","none","TBD_classConcept","REAL"
"av:Audio_Track:1                   ","Class","Audio_Track","1.0","av","Class describing an Audio track","img","","","","","","","","","","",""
"av:Audio_Track:2                    av:audio_codec:1                   ","Attribute","audio_codec","n/a","av","Specifies the audio codec (Coder/Decoder) used for this data, in PDS terms. ","img","ASCII_Short_String_Preserved","1","1","Unbounded","Unbounded","1","255","Units_of_None","none","TBD_classConcept","SHORT_STRING"
"av:Audio_Track:2                    av:audio_codec:2                    Value:AAC","Value","AAC","","","Advanced Audio Coding (AAC) audio codec (MPEG-4 Part 3)"
"av:Audio_Track:2                    av:audio_codec:2                    Value:Other","Value","Other","","","Non-PDS-compliant audio codec (should not be used except for Product_External)"
"av:Audio_Track:2                    av:audio_codec:2                    Value:WAV","Value","WAV","","","Waveform Audio File (WAV) audio codec"
"av:Audio_Track:2                    av:audio_format:1                  ","Attribute","audio_format","n/a","av","Identifies the specific codec or encoding method used to compress and store the audio data. This comes directly form the metadata and has not been converted to standard form like audio_codec, but may provide additional information. ","img","ASCII_Short_String_Preserved","0","1","Unbounded","Unbounded","1","255","Units_of_None","none","TBD_classConcept","SHORT_STRING"
"av:Audio_Track:2                    av:audio_bits_per_sample:1         ","Attribute","audio_bits_per_sample","n/a","av","Number of bits used to represent each audio sample ","img","ASCII_Integer","0","1","-9223372036854775808","9223372036854775807","Unbounded","Unbounded","Units_of_None","none","TBD_classConcept","INTEGER"
"av:Audio_Track:2                    av:audio_channels:1                ","Attribute","audio_channels","n/a","av","Number of independent audio signals, or channels, in the sound track. Usually 1 indicates mono, 2 indicates stereo, 6 indicates 5.1 surround, etc. ","img","ASCII_Integer","0","1","-9223372036854775808","9223372036854775807","Unbounded","Unbounded","Units_of_None","none","TBD_classConcept","INTEGER"
"av:Audio_Track:2                    av:audio_sample_rate:1             ","Attribute","audio_sample_rate","n/a","av","Frequencey at which the audio is sampled, measured in Hz ","img","ASCII_Real","0","1","-1.7976931348623157e308","1.7976931348623157e308","Unbounded","Unbounded","Units_of_Frequency","none","TBD_classConcept","REAL"
"av:Audio_Track:2                    av:balance:1                       ","Attribute","balance","n/a","av","Specifies left/right audio panning. 0 indicates evenly balanced. ","img","ASCII_Real","0","1","-1.7976931348623157e308","1.7976931348623157e308","Unbounded","Unbounded","Units_of_None","none","TBD_classConcept","REAL"
"av:Audio_Track:2                    av:media_language_code:1           ","Attribute","media_language_code","n/a","av","3-letter ISO 639-2/T code identifying the language of a specific media track (e.g. ""eng"" for English, ""fra"" for French). ","img","ASCII_Short_String_Preserved","0","1","Unbounded","Unbounded","1","255","Units_of_None","none","TBD_classConcept","SHORT_STRING"
